Workbook

Sheet Definições
A1: Horas Gerenciamento | C1: % Gerenciameto Melhorias | F1: Tipo Serviço | H1: Sistema | K1: Modulos | M1: Recurso | N1: Valor Hora | P1: Forma de Trabalho | R1: ETN
A2: Sim | C2: 0.125 | D2: =IF('Escopo Área de Serviços'!C8="Melhoria/Customização",0,0.1) -> 0 | F2: Implantação Padrão | H2: HCM | I2: HCM - Gestão de Pessoas | K2: AP - Administração de Pessoal | M2: Consultoria de Implantação | N2: 230 | P2: Presencial | R2: Bruno Ribeiro dos Santos
A3: Não | C3: 0.16666667 | D3: 0.1 | F3: Implantação Assistida | H3: ERP | I3: ERP - Gestão Empresarial | K3: CP - Controle do Ponto | M3: Gerente de Projetos | N3: 240 | P3: Remoto | R3: Maximiliano Bail
C4: 41.625 | D4: 0.2 | F4: Melhoria/Customização | K4: GP - Gestão do Ponto | M4: Desenvolvedor | N4: 245 | P4: Hibrido | R4: William Ranieri Perini
F5: Migração de Dados | K5: Ponto Mobile | M5: Analista de Infraestrutura | N5: 280 | R5: Rubens Sergio
F6: Consultoria de Negócio | K6: Ponto Online | M6: Consultoria Especializada | N6: 290
F7: Treinamento | K7: BS - Benefícios | M7: Análise da Demanda | N7: 230
K8: S - Segurança
K9: M - Medicina
K10: QL - Quadro de Vagas
K11: OR - Orçamento
K12: TR - Treinamento
K13: JR - Jurídico
K14: RS - Recrutamento e Seleção
K15: CS - Cargos e Salários
K16: PG - Painel de Gestão
K17: Colabbe - Admissão Digital
K18: Bot Factory
K19: SING
... K27: Outros

Sheet Escopo Área de Serviços
A1: EHM - Estimativa de Horas de Melhorias/Desenvolvimento
A2: Cliente:
A3: Solicitante: | C3: Jociel Adachi
B4: ETN:
A5: Projeto: | C5: Chamado 342550
A6: Sistema: | C6: ERP - Gestão Empresarial
A7: Forma de Trabalho: | C7: Remoto
A8: Tipo Serviço: | C8: Melhoria/Customização
A9: ="Horas Consultor: " -> Horas Consultor: | C9: =SUM(Table13[Horas Atividade]) -> 0.16666667
B10: Tempo de Análise: | C10: =SUM(Table13[Horas Análise]) -> 0
A11: Gerenciar Projeto: | C11: Sim
A12: % Gerenciamento: | C12: 0.2
A13: ="Horas Gerenciamento: " -> Horas Gerenciamento: | C13: =SUM(Table13[Horas GP]) -> 0
A14: Contigenciamento
A15: Horas Consultor: | C15: 0
A16: Gerenciar Projeto: | C16: Não
A17: Horas Gerenciamento: | C17: =IF(C16="Sim",(ROUND((C15*$C$12)*24,0)/24),0) -> 0
A18: Totais do EHM
A19: Total de Horas: | C19: =C9+C10+C13+C15+C17 -> 0.16666667
A20: Valor Proposta: | C20: =SUM(H23:H28) -> 980
B21: Valor Proposta S/ Análise: | C21: {=SUMPRODUCT(($H$23:$H$28)*(($A$23:$A$28<>"Análise da Demanda")*($B$23:$B$28<>"Análise da Demanda")))} -> 980
A22: Recurso | C22: Horas | D22: Valor Hora | H22: Valor Total
A23: Consultoria de Implantação | C23: =SUMIF($C$37:$C$46,A23,$F$37:$F$46) -> 0 | D23: =VLOOKUP(A23,Definições!M:N,2,0) -> 230 | H23: =(C23*24)*D23 -> 0
A24: Gerente de Projetos | C24: =SUM(G37:G44) -> 0 | D24: =VLOOKUP(A24,Definições!M:N,2,0) -> 240 | H24: =(C24*24)*D24 -> 0
A25: Desenvolvedor | C25: =SUMIF($C$37:$C$46,A25,$F$37:$F$46) -> 0.16666667 | D25: =VLOOKUP(A25,Definições!M:N,2,0) -> 245 | H25: =(C25*24)*D25 -> 980
A26: Analista de Infraestrutura | C26: =SUMIF($C$37:$C$46,A26,$F$37:$F$46) -> 0 | D26: =VLOOKUP(A26,Definições!M:N,2,0) -> 280 | H26: =(C26*24)*D26 -> 0
A27: Consultoria Especializada | C27: =SUMIF($C$37:$C$46,A27,$F$37:$F$46) -> 0 | D27: =VLOOKUP(A27,Definições!M:N,2,0) -> 290 | H27: =(C27*24)*D27 -> 0
A28: Análise da Demanda | C28: =C10 -> 0 | D28: =VLOOKUP(A28,Definições!M:N,2,0) -> 230 | H28: =(C28*24)*D28 -> 0
A29: Contigenciamento | C29: =C15 -> 0 | D29: 230 | H29: =(C29*24)*D29 -> 0
A30: Solicitação
A31: Objetivo: Nome da atividade do chamado – detalhamento da atividade do chamado
A32: Pré requisitos
A33: Requisitos Gerais: • Módulo Administração de Pessoal instalado no ambiente de Produção e Homologação do cliente; • Liberação de acesso aos ambientes para o desenvolvedor/consultor responsável. • Conexão via WTS, pois por conexão via Teamviewer fica lento para a implantação; • O sistema precisa estar atualizado para a versão mais recente;
A34: Itens Fora do Escopo
A35: • Cadastramento/Importação de dados para os módulos; • Desenvolvimento de telas customizadas que não previstas em escopo; • Desenvolvimento de relatórios, seja importação ou exportação de dados que não previstas em escopo; • Desenvolvimento de regras customizadas que não previstas em escopo; • Atendimento presencial; • Novos treinamentos; • Qualquer outra customização não prevista em escopo; • Qualquer liberação/desenvolvimento não mencionados no escopo;
A36: Nº | B36: Modulo / Processo | C36: Recurso | D36: Escopo | E36: Horas Análise | F36: Horas Atividade | G36: Horas GP | H36: Horas Estimadas
A37: 1 | B37: Outros | C37: Desenvolvedor | D37: Envio do Local para a CloseCare - Realizar alteração na regra para enviar Código + Descrição. Atualmente está sendo enviado somente a descrição do local para a closecare. | F37: 0.16666667 | H37: =SUM(Table13[[#This Row],[Horas Análise]:[Horas GP]]) -> 0.16666667
